ok	other	missing	broken	files
abrell-2010	ackermann-1998	barba-2017-02		ACP 2016.pdf
acemoglu-2011	angrist-pischke-2009	cao-2008		Abadie 2010.pdf
acemoglu-2012	angrist-pischke-2014	cao-huang-2013		Abraham 1998.pdf
adcock-collier-2001	babiker-2009	ceic-2016		Accuardi 2014.pdf
akerlind-2013	babu-1988	chu-ww-2011		Acemoglu 2014.pdf
alkema-2010	bass-1969	chu-ww-2011b		Acemoglu Robinson 2014.pdf
alzcorbe-starr-mccluer-1997	bastani-2012	converse-presser-1986		Ackerberg 2007.pdf
amos-2010	beddor-2015	davis-1989		Akerlind, Carey 2014-08.pdf
anas-2009	bp-2012	de-jong-edelenbos-2007		Amelsfort 2015.pdf
angel-2005	brown-sovacool-2011	gomez-ibanez-1992		Anderson 2008.pdf
angrist-2009	cai-bf-2012	hart-2001		Andrews-Speed 2014.pdf
anl-2006	caijing-2013-05-22	he-dq-2008		André 2010.pdf
anl-2008	caixin-2012-07-02	he-dq-2012		Antos 2007.pdf
arora-2011	caixin-2014-12-30	he-gz-2012		Aranciba 2013.pdf
atkearney-2011	campos-2009	he-kb-2010b		Archer, Jacobson 2007.pdf
atkinson-2009	card-krueger-2000	huo-2016		Ardila-Gomez, Ortegon-Sanchez 2016.pdf
aunan-2004	cbc-2010-07-08	jones-1977		BJTRC 2008.pdf
autor-2010	cbc-2011-10-05	kahrl-2013		BJTRC 2009.pdf
avineri-2012	cbc-2012-02-02	karplus-2012c		BJTRC 2010.pdf
banister-2008	ccta-2008	kishimoto-2016c		BJTRC 2011.pdf
banks-1997	ccta-2009	knittel-2011a		BP 2014-01.pdf
bao-2011	cctv-2015-02-05	kobos-2003		BP 2014-06.pdf
barclays-2011	cdiac-2011	koljonen-2012		Baffes 2015 [WB PRN-15-01].pdf
barter-1999	cheng-x-2016	kostka-2014		Barter 2000.pdf
basen-2011	chinadaily-2012-05-18	lam-tam-2002		Barter 2010.pdf
bayindir-upmann-2003	chinadaily-2012-07-11	larson-2015		Barter 2012.pdf
ben-akiva-2015	chinadaily-2012-07-31	li-j-2012		Bastani 2011a.pdf
biermann-2012	chinadaily-2012-08-06	li-s-2008		Bastani 2011b.pdf
biggeri-2016	chinadaily-2014-01-06	little-2004a		Bazilian, Pielke 2013.pdf
bolduc-2008	chinadaily-2014-01-06b	luo-cl-2013		Bearfield, Dubnick 2009.pdf
bonus-1973	chinadaily-2014-01-08	marsden-2010		Benkler 2016.pdf
borken-kleefeld-2010	chinadaily-2014-03-25	marsden-2011		Berg 2006.pdf
brand-2013	chinadaily-2015-10-28	martino-2003		Berger 2013.pdf
brand-2013b	chn-io-2007	michalek-2011		Berk 2017.pdf
bunch-2015	clarke-2009	naik-2013		Berksekas, Tsitsiklis 2000.pdf
caceci-1989	cn-2013-01-01	nam-2016		Berksekas, Tsitsiklis 2002.pdf
campbell-zhao-2013	cn-2013-09-10	oliver-2009		Berntsen, Fuglestvedt 2008.pdf
card-krueger-1994	cn-gz-2010-03-03	paltsev-2016		Berry, Levinsohn, Pakes 1995.pdf
cardenas-2011	coughlin-1994	peters-2016		Berry, Levinsohn, Pakes 1998.pdf
casey-2011	cp-2010-10-07	peters-2017		Berry, Pakes 2007.pdf
castro-zhao-2015	cp-2012-03-22	qi-2012		Bhat, Guo 2007.pdf
cervero-day-2008	csj-2012-06-05	qi-2013		Billups 1996.pdf
chai-j-2016	csy-2001	riahi-2011		Blanchet 2013.pdf
chamon-2008	csy-2002	rive-2010		Blanford 2012.pdf
chandrasekaran-tellis-2008	csy-2010	rutherford-1999		Bleecker 2009.pdf
chao-gibson-2014	csy-2011	sands-2017		Bloomberg NEF 2016-10.pdf
chen-y-2012	daumard-1973	sato-2010		Blundell, Stoker 2007.pdf
chen-yh-2015	davidson-2013	schafer-1998		Bodanksy 2016-10.pdf
chen-zg-2015	de-neufville-2011	schell-2001		Bonnefon 2016.pdf
chen-zhang-2010	donner-2011	schmalensee-1998		Borken 2008.pdf
chen-zhang-2012	duhigg-2012	shen-xb-2015		Boyatzis 2013-03-27.pdf
chen-zhao-2013	eaton-1997	shi-qy-2009		Bošković, Leach 2017.pdf
cheng-sy-2013	eea-2011	simon-1982		Bradley, Baumert 2005.pdf
cherry-2009	eia-2011	socolow-2011		Brandt 2013.pdf
cherry-2016	eia-810	song-g-2011		Burke 2015.pdf
chester-2010	eia-ieo-2013	stigler-1971		Burke, Csereklyei 2016.pdf
chien-2011	exxon-2014	suewing-2008		CA EC 2006.pdf
chin-smith-1997	fan-2003	sun-l-2012		CA Ecofiscal Commission 2015-04.pdf
choo-2010	fourin-2011	sun-yl-2004		CAAC 2014.pdf
chu-sf-2012	gakenheimer-2002	tapia-ahumada-2015		CAAC 2015 abstract.pdf
conrad-1997	gao-2010	tsigas-2008		CAAC 2015 lite.pdf
creutzig-he-2009	gmid-2011	van-harmelen-2002		CAAC 2015-11.pdf
d-ambrosio-2014	gorman-2008	wang-hu-1999		CAE 2012a.pdf
dahl-2012	greening-2000	wang-w-2011		CAE 2012b.pdf
dai-hc-2012	grell-2005	whiting-2006		CN 2012 - Energy Policy.pdf
daojiong-2006	grutter-2009	wiedenmyer-2011		CN CPC CentCom 2015-11.pdf
dargay-2007	gtap-2002	wu-fl-2006		CN GB-T 2260-2007.pdf
davis-2012	gtap-2008	wu-g-1999		CN GUOBANFA 2014-21.pdf
davis-ortalo-magne-2011	gtap-2012	yahalom-2011		CN NBS 2008.doc
db-2011	guenther-2012	yang-s-2016		CN NDRC ICT 2013.pdf
de-jong-2008	he-kb-2010	zegras-1995		CN NPC 2015.pdf
de-jong-2010	hertel-2007	zhang-am-1998		Cairns, Liston-Heyes 1996.pdf
de-jong-2013	ho-nielsen-2007	zhang-d-2014a		Cao J 2010.pdf
de-pelsmacker-1990	huang-c-2005	zhang-m-2010		Caron 2014.pdf
deng-2006	hydro-one-2009	zhang-sj-2016b		Chadha 2013 [GTAP 4094].pdf
downs-2004	icct-2011	zhang-wen-2008		Chan 2013.pdf
downs-2006	icct-2014	zhang-xl-2013		Chancel, Piketty 2015.pdf
duran-fernandez-2014	iea-2010	zhang-xl-2014		Chang 2013.pdf
eberly-1994	irf-2010	zhang-xl-2016		Chao 2013.pdf
echenique-1990	jacoby-2009	zhao-y-2011		Chen RJ 2012a NOx.pdf
eppinger-2014	jasanoff-1996	zheng-x-2015		Chen RJ 2012b SO₂.pdf
feldman-2010	jfk-1963	zoepf-2015		Chen SM, He 2014.pdf
feng-li-2013	jiang-2000			Chen Y, Zegras 2010.pdf
feng-ma-2010	jing-2012			Chen YY 2013.pdf
feng-sw-2012	journeys-2013-09			Chen Z, Lu M 2015.pdf
feng-sw-2013	karplus-2015a			Chen ZH, Haynes 2013 [GTAP 4088].pdf
ferdous-2010	kishimoto-2012			Christiano 2001 [NBER 8403].pdf
fernandez-villaverde-krueger-2007	kishimoto-2012b			Clarke 2013.pdf
foley-2011a	kishimoto-2012d			Clay, Johnston 2006.pdf
foley-2011b	kishimoto-2013a			Clean Air Asia 2013.pdf
fulton-2009	kishimoto-2013b			Colcleugh 2008.lyx
gakenheimer-1999	kishimoto-2013c			Colcleugh 2008.tex
gambhir-2015	kishimoto-2014b			Collier 2011.pdf
gardner-abraham-2007	kishimoto-2014c			Conrad, Heng 2002.pdf
geng-2008	kishimoto-2015a			Contreras 2003.pdf
gillespie-2011	kishimoto-2015b			Cooke 2016.pdf
girod-2012	kishimoto-2016a			Costinot 2014.pdf
girod-2013	kishimoto-2016b			Covert 2016.pdf
glomm-2008	konan-2003			Cranfield 2005.pdf
golder-tellis-1998	kuznets-1953			Creutzig 2016.pdf
gong-2012	lahr-2008			Cruz, Taylor 2013 [NBER 18908].pdf
gonzalez-palencia-2012	li-mw-2014			Csereklyei 2016.pdf
goodwin-2004	lin-greene-2013			DICE.lyx
gota-2016	liu-hb-2013			Dahl, Anouti 2012.pdf
grainger-kolstad-2010	lohr-2016			Dai 2012.pdf
grazi-2008	luo-xh-2014			Dai HC 2012 [dazhang anno].pdf
greenspan-cohen-1999	meadows-2004			Dansie 2010.pdf
guan-2012	meyer-1999			Dargay 2008.pdf
guo-h-2007	mitchell-scott-1989			Darido 2009 [WB 55773].pdf
guo-xr-2016	moody-2016			Darido 2014.pdf
haaf-2014	muscat-2015			Dell 2013.pdf
han-2008	nbsc-2008a			Delmastro 2014.pdf
han-ss-2010	nbsc-2008b			Deryugina, Hsiang 2014 [NBER 20750].pdf
hao-2011a	nbsc-2012			Dissou, Sun 2013.pdf
hao-2011b	north-1990			Dray, Schäfer, Ben-Akiva 2012.pdf
hao-2011c	oecd.stat			Du 2013.docx
hao-h-2015	ontario-2009			Dutta 2012.pdf
haughwout-2002	orr-2015			EF 2011.pdf
hausmann-hidalgo-2011	ou-2010b			EMBARQ 2014.pdf
he-ly-2016	paltsev-2015			EU EC 2006-09-20.pdf
helveston-2014b	pan-hx-2013			EU EC 2015-04-08.pdf
holz-2004	piketty-2014			Earley 2011.pdf
holz-2013	poupee-2014			Echenique 2012.pdf
hong-cp-2016	rausch-2011			Ecola 2014 [RR636].pdf
hook-replogle-1996	reuters-2015-09-10			Ecola 2015 [RR991].pdf
hu-jl-2015	rutherford-1995			Economist 2012 China Megacities.pdf
hu-xj-2010	samsung-2010			Ehrler 2013.pdf
huang-xy-2012	samuelson-1954			Elliott 2007.pdf
huang-xy-2016	schafer-2009			Elliott, Yan 2013-07.pdf
huang-xy-2016b	scipy			Ernst & Young 2011.pdf
huenemann-2001	scott-1992			Eustace 2012.pdf
huo-2012a	seligsohn-2010			Evans 2016.pdf
huo-2012b	sichuan-2011			Fan, Hazell 1999.pdf
huo-2012c	sperling-gordon-2008			Farnham 2013.pdf
huo-2012d	springmann-2013			Feng KS 2013.pdf
huo-h-2011	stern-2004			Feng LL 2014.pdf
huo-h-2012e	stern-2006			Feng XJ 2011.pdf
icct-2012c	stock-watson-2011			Fernald 1999.pdf
iea-weo-2011	stockwell-1990			Fernández 2007.pdf
iea-weo-2013	stone-2001			Fernández-Villaverde, Krueger 2011.pdf
inderwildi-2012	suen-2012			Ferris, Sinapiromsaran 1998.ps
ingram-liu-1999	sugiyarto-2010			Feyrer 2009.pdf
jacoby-2015	sz-daily-2012-06-28			Fjellstrom 2008.pdf
jansson-1989	trb-2013			Floater, Rode 2014 [NCE Cities 1].pdf
ji-sg-2015	trb-2014			Fontaras 2014.pdf
jiang-y-2016	trb-2015			Franco 2013.pdf
jiang-zegras-2011	trb-2016			Friedlaender, Spady 1980.pdf
jordan-graves-1995	un-wpp-2010			GIZ 2013-11-26a.pdf
jorgensen-1990	un-wup-2011			GIZ 2013-11-26b.pdf
joshi-2012	unfccc-2011			GIZ 2014-10.pdf
jp-morgan-2010	urbanrail			GIZ 2015-01 CRTEM-HBEFA.pdf
kageson-2009	usepa-2010			GIZ China 2016-10.pdf
karplus-2010	viscusi-2005			GIZ, EMBARQ 2013.pdf
karplus-2011	waugh-2011			Gabaix, Ioannides 2003.pdf
karplus-2012a	wb-2002-ch10			Gallagher 2003.pdf
karplus-2012b	webster-2012			Gallivan 2015 [TCRP 176].pdf
kauppila-2011	xinhua-2011-07-18			Geman, Roncoroni 2006.pdf
kilkenny-1999	xinhua-2011-12-15			Ghanem, Zhang 2014.pdf
kishimoto-2012a	xinhua-2012-05-10			Gingras 2006.pdf
kitamura-1999	xinhua-2012-05-24			Gitiaux 2009 [JP187].pdf
klump-2000	xinhua-2013-01-06			Global Energy Affairs 2014-01.pdf
knittel-sandler-2011	xinhua-2013-12-16			Goldberg 1996.pdf
koh-2003	xinhua-2013-12-18			Gonzales 2011.pdf
korsbakken-2016	xinhua-2013-12-22			Gonzalez-Navarro, Turner 2014.pdf
kosinski-2011	xinhua-2014-12-29			Granovetter 1977.pdf
kruyt-2009	xinhua-2014-12-30			Greenblatt, Saxena 2015.pdf
kurokawa-2013	xue-2015			Greenwood 2013.pdf.bz2
lang-jl-2012	yang-jw-2015			Guan CQ, Yahalom 2011.pdf
lang-jl-2016	yasunori-2012			Gulden, Hammond 2012a.pdf
law-th-2015	zeng-hs-2012-08-06			Gulden, Hammond 2012b.pdf
leaver-2012	zeng-hs-2013-11-07			Gärling 2012.pdf
lee-2007	zhang-d-2012a			Gärling, Steg 2007.pdf
lewbel-pendakur-2009				HBR 2003 Leadership.pdf
li-jones-2015				Haaf 2014b.pdf
li-jp-2010				Haddad, Hewings 1998.pdf
li-ly-2015				Halim 2015.pdf
li-sj-2015				Halim 2016.pdf
lin-ct-2013				Harvey 2013.pdf
lin-zeng-2013				Hascic 2010.pdf
ling-zw-2015				He GJ 2015.pdf
litman-2013				He KB 2010.pdf
litman-2013b				He, Bandivadekar 2013.pdf
little-2004b				Hering, Poncet 2014.pdf
liu-h-2015				Hermann 2014.pdf
liu-z-2012				Herrerias, Girardin 2013.pdf
loo-1999				Hill Times 2014-12-01.pdf
loo-2006				Hoesly 2015.pdf
loukopoulos-2007				Hoffman, Wan 2013.pdf
lu-m-2017				Holden 2016.pdf
luan-xf-2014				Horridge, Pearson 2011.pdf
lucas-jr-1976				Howell 2014.pdf
luo-2011				Hsieh, Klenow 2009.pdf
luo-x-2016				Hu DP 2002.pdf
luo-xh-2016				Hughes 2017-02.pdf
mangones-2017				Hughes, Zhu XJ 2011.pdf
mao-2012				Hunt 2005.pdf
maples-2014				Huo H 2013.pdf
marchetti-1994				ICCT 2010.pdf
marcotullio-2005				ICCT 2012a.pdf
medlock-2011				ICCT 2012b.pdf
medlock-soligo-2002				ICCT 2013-01.pdf
meyer-2007				ICCT 2013-03.pdf
millard-ball-2013				ICCT 2013-07.pdf
mishra-2013				ICCT 2013d.pdf
miyazaki-eskes-2013				ICCT 2014-04.pdf
montgomery-2010				ICCT 2015-02.pdf
morgan-2016				ICCT 2015-05.pdf
morris-2003				ICCT 2015-06.pdf
morris-2013				ICCT 2015-11.pdf
mueller-de-haan-2009				IEA 2013.pdf
nafziger-lindert-2012				IHS Global Insight 2010.pdf
nagai-2003				IMF 2013.pdf
nakamura-2015				ITDP 2014-09.pdf
nam-2010				ITDP 2015-03-01.pdf
nam-2010b				ITF 2014 Ch.4.pdf
nam-2011				ITF 2017.pdf
nam-2012				ITS-Davis 2014-09-04.pdf
nam-2013				Iacono 2008.pdf
nam-2014				Innes, Booher 1999.pdf
negahban-2014				Irving 2015.pdf
nelson-1999				Irving 2016.pdf
nhts-2009				Ito, Sallee 2014.pdf
ni-2010				JD Power 2010.pdf
ni-2012				JEP 31.1.pdf
ohara-2007				Jaccard 2015.pdf
oke-2015				Jaccard 2016.pdf
ontario-2010				Jacoby 2013-07 [JPCPN2].pdf
ou-2010				Jansa 2015.pdf
ou-2010c				Jiang T 2013.pdf
paltsev-2004				Jiang Y 20??.pdf
paltsev-2005				Jiang, Li 2010.pdf
paltsev-2012				Jones 2014.pdf
pendakur-2009				Jung 2015.pdf
peng-2004				Kan HD 2012.pdf
pentland-2012				Karplus 2015.pdf
powell-2011				Keats Citron 2008.pdf
puterman-2005				Kelly, Zhu T 2016.pdf
qi-ty-2016				Khanberg 2012.pdf
rausch-2010				Khasawinah 2016.pdf
rimmer-powell-1996				Kim 2004.pdf
rittel-1973				King 1995.pdf
rockstrom-2009				Kishimoto 2015.pdf
rode-2017				Knight, Ding 2009.pdf
roed-larsen-2006				Kothari 2007.pdf.bz2
rubinstein-2008				Krishnamurthy, Kockelman 2003.pdf
rubinstein-2008-ch6				Krupnick 2003 [RFF-DP-03-30].pdf
ruet-2010				Krysiak, Weigt 2015.pdf
ryan-wales-1999				Kuhnimhof 2014.pdf
saikawa-2011				Kveiborg, Fosgerau 2007.pdf
samuelson-1955				Leather 2011.pdf
samuelson-2012				Levinson 2006.pdf
sandoval-2009				Lewbel, Pendakur 2009 appendix.pdf
sanso-2008				Lewbel, Pendakur 2015.pdf
santoso-tsunokawa-2005				Li GC 2013.pdf
schafer-2000				Li SJ 2012.pdf
schafer-2006a				Li SJ, Xiao, Yu 2014-01.pdf
schafer-2006b				Liao, Holt 2013.pdf
seligsohn-2012				Liddle, Moavenzadeh 2002.pdf
seto-2012				Lin BQ, Jiang ZJ 2011.pdf
shao-wagner-2015				Lin BQ, Li AJ 2012.pdf
shen-1997				Ling 2015.pdf
shen-xb-2014				Liu W 2013.pdf
simon-1970-ch8				Liu W, Li H 2011.pdf
sinton-2001b				Liu YB 2013.pdf
sokolov-2009				Loftus 2014.pdf
sperling-clausen-2003				Loo, Cheng 2012.pdf
spieser-2014				Lu HP 2009.pdf
stanovnik-1990				Lu KY 2015.pdf
stares-liu-1996				Lu KY 2016.pdf
steffens-2003				Luan 2014.pdf
steinfeld-2002				MIT 2013-11-13.pdf
steinfeld-2008				MIT Energy Club 2007.pdf
stone-2000				MIT Spectrum 2014-01.pdf
storchmann-2005				Ma J 2013.pdf
sue-wing-2012				Ma ZW 2015.pdf
sun-bd-2015				Macario 2007.pdf
sun-c-2014				Mahady, Lahr 2008.pdf
sunitiyoso-matsumoto-2009				Malik 2015.pdf
suzuki-2013				Markusen 2006.pdf
swartz-zegras-2013				McKinsey 2013.pdf
teytelman-larson-2013				Melton 2016.pdf
train-2009				Meng B 2013.pdf
ucd-its-2014				Metcalfe 2014.pdf
un-wup-2014				Meyer 2011.pdf
urban-2010				Millard-Ball, Schipper 2011.pdf
verma-2011				Miller, Shalaby 2003.pdf
walker-2010				Mishra 2015.pdf
wan-z-2013				Mittal 2015.pdf
wang-hk-2010				Moavenzadeh, Markow 2007.pdf
wang-hk-2011				Mokhtarian, Chen 2004.pdf
wang-p-2012				Morgan Stanley 2013.pdf
wang-qd-2008				Morton 2013.pdf
wang-r-2010				Murray, Hansen 2013.pdf
wang-sx-2010				Muthukrishnan 2010.pdf
wang-x-2012				Nam, Reilly 2013.pdf
wang-xj-2012				Ng 2010.pdf
wang-y-2016				Nielsen 2014 Ch.8.docx
wang-ys-2011a				Nordhaus 2014.pdf
wang-ys-2011b				Norojono 2010.pdf
wang-yuan-2013				O'Neill 2017.pdf
watts-2002				OECD 2014.pdf
wb-2002				OECD 2015.pdf
wb-2014				OECD 2016.pdf
webster-2008				Ogden 2016.pdf
weinert-2007				On-the-Road-toward-2050.pdf
weinert-2008				Ouyang XL, Lin BQ 2014.pdf
weiss-2015				PIPSC 2013.pdf
wells-2015				PPF 2015.pdf
wells-lin-2015				Paatero, Lund 2006.pdf
westerdahl-2009				Pagliara 2012 [ESD-WP-2012-07].pdf
wiedenhofer-2017				Paltsev 2004a [JPTN4].pdf
willoughby-2001				Paltsev 2017.pdf
winchester-2011				Paltsev, Capros 2013.pdf
wong-2002				Pan, Xu YQ 2015.pdf
wu-n-2015				Parker 2011 [UCD-ITS-RR-11-04].pdf
wu-rr-2016				Peet 2015.pdf
wu-t-2014a				Perlman 2015.pdf
wu-t-2014b				Peters 2015.pdf
wu-xm-2016				Peters 2017.pdf
wu-y-2011				Piecyk, McKinnon 2010.pdf
xi-2009				Pierce, Snyder 2012.pdf
xia-ym-2016				Pindyck 2015.pdf
yan-2010				Pope, Dockery 2013.pdf
yang-he-2016				Porter 2015.pdf
yang-j-2014				Pradhan, Kockelman 2002.pdf
yang-jw-2010				Qu JJ 2015.pdf
yeh-2016				Rawls 1985.pdf
yin-j-2011				Rawls 1995.pdf.bz2
yin-x-2015				Reilly 2013.pdf
yoon-occena-2014				Renn, Schweizer 2009.pdf
yuan-2011				Rhodes, Jaccard 2013.pdf
yue-2015				Rimmer, Powell 1992a.pdf
yusuf-nabeshima-2010				Rimmer, Powell 1992b.pdf
zeng-y-2016				Robbins 2015.pdf
zhang-c-2016				Roberts 2014.pdf
zhang-d-2012b				Rode, Floater 2014 [NCE Cities 3].pdf
zhang-d-2013a				Rogers, Seager 2009.pdf
zhang-d-2013b				Rognlie 2014.pdf
zhang-m-2010b				Root, Schintler 1999.pdf
zhang-sj-2016				Rudd 2015.pdf
zhang-zx-1998				SLoCaT 2015-09.pdf
zhang-zx-2012				SLoCaT 2015-10-19.pdf
zhao-jh-2014a				SLoCaT_2016-10.pdf
zhao-jm-2015				Sachs 2014.pdf
zhao-wang-2014				Saich 2012.pdf
zhao-y-2012				Saikawa 2012.pdf
zhao-z-2012				Sallee 2012.pdf
zhao-zhao-2015				Salzberg 2012.pdf
zheng-b-2014				San Martini 2015.pdf
zheng-b-2015				Sasanuma 2009.pdf
zhou-gh-2013				Schipper, Ng 2004.pdf
zhou-n-2011				Schreiber 1975.pdf
zhu-2012				Schwanen 2016.pdf
zhu-sj-2013				Schäfer 2000.pdf
				Schäfer 2012 [WPS6234].pdf
				Schäfer, Jacoby 2005.pdf
				Searle 1999.pdf
				Senbil 2007.pdf
				Sengers 2016.pdf
				Sevtsuk, Ratti 2010.pdf
				Shafei 2013.pdf
				Sheehy 2012.pdf
				Shen XY 2015.pdf
				Siegesmund 2008.pdf
				Silva 2015.pdf
				Sinton 2001a [LBNL-48919].pdf
				Sinton, Fridley 2001.pdf
				Sivak 2013.pdf.bz2
				Smets, Wouters 2003.pdf
				Sobrino 2013.pdf
				Somerville, Hassol 2011.pdf
				Song Z 2013.pdf
				Sperling, Lin 2005.pdf
				Stapleton 2015.pdf
				Stapleton 2016.pdf
				Stares, Liu 1996b.pdf
				Stokes 2013.pdf
				Strachan 2016.pdf
				Sugar Kennedy 2013.pdf
				Sun C 2014.pdf
				Sunitiyoso 2010.pdf
				Sunitiyoso 2011.pdf
				Sunitiyoso 2013.pdf
				Sá 2016.pdf
				TAF 2016.pdf
				Tan 2011.mobi
				Tanaka 2015.pdf
				Tang WQ 2010.pdf
				Teschke 2015.pdf
				Ticoll 2015.pdf
				Tol 2012.pdf
				Tong F 2015.pdf
				Toronto 2016-09-08.pdf
				UN Environment 2016-09.pdf
				UN Habitat 2012.pdf
				UN Habitat 2013.pdf
				UN Habitat 2014.pdf
				UNU-IHDP, UNEP 2014.pdf
				US DOT 2015.pdf
				US EIA 2013-05-28.pdf
				US EIA 2014-02 GHSP.pdf
				US EIA 2014-02-14 CN.pdf
				US EIA 2014-06-24 ITDD CDR [draft 5].docx
				US EIA 2014-10.pdf
				US NRC 2013.pdf
				Vandycke 2015.pdf
				Veall 2012.pdf
				WB 2012.pdf
				WEF 2016-04.pdf
				WHO 2013.pdf
				Waddell 2003.pdf
				Wadud 2015.pdf
				Wagstaff 2012.pdf
				Wallace 2013.pdf
				Wang A 2012-11.pdf
				Wang HK, Fu 2010.pdf
				Wang LL 2014.pdf
				Wang M 1993.pdf
				Wang R 2012.pdf
				Wang XX 2013.pdf.bz2
				Wang ZF 2015-11.pdf
				Wang ZG 2012.pdf
				Ward 2008 [ANL-08-34].pdf
				Webb 2014.pdf
				Wen 2013.pdf
				Wiedmann 2007.pdf
				Willis, Ortiz 2005.pdf
				Winner 1997.pdf
				Wolfram 2012.pdf
				Wu LB, Huo H 2014.pdf
				Wu Y 2016-10.pdf
				Wygonik, Goodchild 2012.pdf
				Xiao JJ 2013.pdf
				Xiao Y 2014.pdf
				Xie Y, Zhou X 2014.pdf
				Xinhua 2013-02-03.pdf
				Xu 2008.pdf
				Xu 2014-04-12.pdf
				Xue LL, Fang WL 2015.pdf
				Yang F 2011.pdf
				Yang JW 2011.pdf
				Yang JW 2015 slides.pdf
				Yang JW 2015.odt
				Yang JW 2015.pdf
				Yang XF 2015.pdf
				Yang ZF 2015.pdf
				Yao, Zhang 2014.pdf
				Yu L 2009.pdf
				Zegras, Hannan 2011.pdf
				Zegras, Hannan 2012.pdf
				Zeidan 2010.pdf
				Zhang LY 2015-01.pdf
				Zhang SJ 2014a.pdf
				Zhang SJ 2014b.pdf
				Zhang SW 2007.pdf
				Zhang ZX 2014a.pdf
				Zhang ZX 2014b.pdf
				Zhao JH 2014b.pdf
				Zhao PJ 2010.pdf
				Zhao S 2015.pdf
				Zhao Y 2013 supp.pdf
				Zhao Y 2013.pdf
				Zhao Y, Kockelman 2002.pdf
				Zhao Y, Kockelman 2004.pdf
				Zheng SQ, Khan 2013.pdf
				Zheng X 2015.pdf
				Zhou N 2010.pdf
				Zhou YX, Ma JC 2005.pdf
				book/Ben-Akiva 2014.pdf
				book/CAERC 2013.pdf.bz2
				book/CAERC 2013.tar.bz2
				book/Calhoun 0.7.2.pdf
				book/Cascetta 2009.pdf
				book/Diez, Barr, Çetinkaya-Rundel 2012 2e.pdf
				book/Diez, Barr, Çetinkaya-Rundel 2015 3e.pdf
				book/Graedel, van der Voet 2010.pdf
				book/Grinstead, Snell 2006.pdf
				book/Hansen 2014.pdf
				book/Hensher 2004 chapters.tar.bz2
				book/Hensher 2004.pdf.bz2
				book/IEA 2012.pdf.bz2
				book/IFMO 2013 chapters.tar.bz2
				book/IFMO 2013.pdf.bz2
				book/Meyer, Shaheen 2017.pdf
				book/Moavenzadeh, Markow 2007.pdf
				book/Puterman 2005.pdf
				book/Small, Verhoef 2007.pdf
				book/Su, Thompson 2016.pdf
				book/Westphal 2013.pdf
				de Neufville, Field 2010.pdf
				van Harmelen 2002.pdf
				van den Bulte, Lilien 1997.pdf
